Quelle:;"Bayerisches Landesamt für Umwelt, www.gkd.bayern.de"
Datenbankabfrage:;"12.10.2020 12:54"
Zeitbezug:;MEZ
Messstellen-Name:;Dillingen
Messstellen-Nr.:;10035801
Gewässer:;Donau
Ostwert:;610566;Nordwert:;5380536;"ETRS89 / UTM Zone 32N"
Pegelnullpunktshöhe:;"415,01 m NN (DHHN12)"

"Tageswerte Abfluss [m³/s]"
Datum;Mittelwert;Maximum;Minimum;Prüfstatus
2017-01-01;70,1;77,5;50,7;Rohdaten
2017-01-02;64,5;74,2;60,6;Rohdaten
2017-01-03;64,5;67,4;53,9;Rohdaten
2017-01-04;64,4;67,4;60,6;Rohdaten
2017-01-05;67,7;71;67,4;Rohdaten
2017-01-06;64,6;71;60,6;Rohdaten
2017-01-07;56,9;60,6;50,7;Rohdaten
2017-01-08;60,1;67,4;57,2;Rohdaten
2017-01-09;56,7;67,4;47,4;Rohdaten
2017-01-10;62,5;74,2;50,7;Rohdaten
2017-01-11;60,2;67,4;41,2;Rohdaten
2017-01-12;72,3;87,8;60,6;Rohdaten
2017-01-13;95;131;67,4;Rohdaten
2017-01-14;102;137;67,4;Rohdaten
2017-01-15;71,6;81;67,4;Rohdaten
2017-01-16;66,7;71;57,2;Rohdaten
2017-01-17;69;81;53,9;Rohdaten
2017-01-18;61,2;81;38,1;Rohdaten
2017-01-19;66,5;74,2;60,6;Rohdaten
2017-01-20;59,8;67,4;50,7;Rohdaten
2017-01-21;59,5;71;50,7;Rohdaten
2017-01-22;57,3;64;44,3;Rohdaten
2017-01-23;64,6;74,2;53,9;Rohdaten
2017-01-24;65,3;84,3;50,7;Rohdaten
2017-01-25;64,7;74,2;50,7;Rohdaten
2017-01-26;60,3;71;50,7;Rohdaten
2017-01-27;65,1;84,3;50,7;Rohdaten
2017-01-28;59,6;71;47,4;Rohdaten
2017-01-29;67,8;71;64;Rohdaten
2017-01-30;66,5;81;53,9;Rohdaten
2017-01-31;102;218;60,6;Rohdaten
2017-02-01;255;294;201;Rohdaten
2017-02-02;185;207;163;Rohdaten
2017-02-03;168;178;147;Rohdaten
2017-02-04;156;181;141;Rohdaten
2017-02-05;137;159;124;Rohdaten
2017-02-06;125;144;104;Rohdaten
2017-02-07;115;137;91;Rohdaten
2017-02-08;102;104;91;Rohdaten
2017-02-09;100;114;77,5;Rohdaten
2017-02-10;93,7;94,3;87,8;Rohdaten
2017-02-11;86,7;101;71;Rohdaten
2017-02-12;93,1;97,8;87,8;Rohdaten
2017-02-13;77,5;94,3;60,6;Rohdaten
2017-02-14;76,5;97,8;41,2;Rohdaten
2017-02-15;77,1;87,8;67,4;Rohdaten
2017-02-16;74;81;60,6;Rohdaten
2017-02-17;98,7;141;71;Rohdaten
2017-02-18;129;156;84,3;Rohdaten
2017-02-19;114;141;94,3;Rohdaten
2017-02-20;94;111;60,6;Rohdaten
2017-02-21;111;159;87,8;Rohdaten
2017-02-22;208;264;160;Rohdaten
2017-02-23;201;258;156;Rohdaten
2017-02-24;156;166;147;Rohdaten
2017-02-25;157;169;147;Rohdaten
2017-02-26;133;153;114;Rohdaten
2017-02-27;133;137;124;Rohdaten
2017-02-28;126;137;118;Rohdaten
2017-03-01;143;156;124;Rohdaten
2017-03-02;160;216;137;Rohdaten
2017-03-03;203;227;187;Rohdaten
2017-03-04;188;199;172;Rohdaten
2017-03-05;169;193;137;Rohdaten
2017-03-06;155;163;137;Rohdaten
2017-03-07;177;204;150;Rohdaten
2017-03-08;207;224;193;Rohdaten
2017-03-09;291;511;184;Rohdaten
2017-03-10;505;545;420;Rohdaten
2017-03-11;340;422;281;Rohdaten
2017-03-12;276;309;232;Rohdaten
2017-03-13;235;248;204;Rohdaten
2017-03-14;190;207;169;Rohdaten
2017-03-15;171;187;140;Rohdaten
2017-03-16;161;169;150;Rohdaten
2017-03-17;160;178;140;Rohdaten
2017-03-18;153;184;114;Rohdaten
2017-03-19;324;410;187;Rohdaten
2017-03-20;281;407;207;Rohdaten
2017-03-21;211;253;193;Rohdaten
2017-03-22;180;199;156;Rohdaten
2017-03-23;180;199;143;Rohdaten
2017-03-24;153;175;137;Rohdaten
2017-03-25;134;172;104;Rohdaten
2017-03-26;153;172;121;Rohdaten
2017-03-27;141;147;121;Rohdaten
2017-03-28;116;134;87,1;Rohdaten
2017-03-29;117;140;90,7;Rohdaten
2017-03-30;112;130;101;Rohdaten
2017-03-31;121;134;111;Rohdaten
2017-04-01;120;134;101;Rohdaten
2017-04-02;106;134;80,7;Rohdaten
2017-04-03;114;134;97,6;Rohdaten
2017-04-04;128;134;124;Rohdaten
2017-04-05;126;137;108;Rohdaten
2017-04-06;108;127;87,1;Rohdaten
2017-04-07;104;118;83,9;Rohdaten
2017-04-08;96,7;104;83,9;Rohdaten
2017-04-09;85,1;93,9;77;Rohdaten
2017-04-10;101;124;80,7;Rohdaten
2017-04-11;105;114;90,7;Rohdaten
2017-04-12;101;111;93,9;Rohdaten
2017-04-13;92,8;108;70,2;Rohdaten
2017-04-14;93,4;108;73,6;Rohdaten
2017-04-15;82,1;118;46,9;Rohdaten
2017-04-16;99,1;127;77;Rohdaten
2017-04-17;138;150;127;Rohdaten
2017-04-18;156;181;124;Rohdaten
2017-04-19;132;163;114;Rohdaten
2017-04-20;122;150;101;Rohdaten
2017-04-21;103;121;87,1;Rohdaten
2017-04-22;104;121;90,7;Rohdaten
2017-04-23;104;118;87,1;Rohdaten
2017-04-24;116;130;77;Rohdaten
2017-04-25;126;169;108;Rohdaten
2017-04-26;233;269;166;Rohdaten
2017-04-27;256;309;229;Rohdaten
2017-04-28;329;349;299;Rohdaten
2017-04-29;296;332;242;Rohdaten
2017-04-30;282;329;232;Rohdaten
2017-05-01;229;248;210;Rohdaten
2017-05-02;303;334;240;Rohdaten
2017-05-03;262;304;229;Rohdaten
2017-05-04;220;242;202;Rohdaten
2017-05-05;232;242;221;Rohdaten
2017-05-06;209;218;199;Rohdaten
2017-05-07;230;269;207;Rohdaten
2017-05-08;334;450;269;Rohdaten
2017-05-09;449;496;359;Rohdaten
2017-05-10;320;367;284;Rohdaten
2017-05-11;256;289;229;Rohdaten
2017-05-12;224;245;210;Rohdaten
2017-05-13;232;261;213;Rohdaten
2017-05-14;239;296;193;Rohdaten
2017-05-15;253;284;199;Rohdaten
2017-05-16;215;245;199;Rohdaten
2017-05-17;178;210;156;Rohdaten
2017-05-18;187;235;153;Rohdaten
2017-05-19;167;187;143;Rohdaten
2017-05-20;196;232;166;Rohdaten
2017-05-21;148;172;111;Rohdaten
2017-05-22;149;156;137;Rohdaten
2017-05-23;138;147;134;Rohdaten
2017-05-24;142;153;130;Rohdaten
2017-05-25;133;147;121;Rohdaten
2017-05-26;136;140;114;Rohdaten
2017-05-27;122;140;104;Rohdaten
2017-05-28;128;147;111;Rohdaten
2017-05-29;120;124;114;Rohdaten
2017-05-30;123;134;114;Rohdaten
2017-05-31;125;134;111;Rohdaten
2017-06-01;125;134;111;Rohdaten
2017-06-02;123;127;108;Rohdaten
2017-06-03;122;130;118;Rohdaten
2017-06-04;148;175;111;Rohdaten
2017-06-05;144;156;114;Rohdaten
2017-06-06;139;175;124;Rohdaten
2017-06-07;185;204;169;Rohdaten
2017-06-08;133;169;118;Rohdaten
2017-06-09;113;130;90,7;Rohdaten
2017-06-10;115;130;93,9;Rohdaten
2017-06-11;111;124;97,6;Rohdaten
2017-06-12;93,9;104;70,2;Rohdaten
2017-06-13;107;118;101;Rohdaten
2017-06-14;87,2;108;70,2;Rohdaten
2017-06-15;97,3;104;90,7;Rohdaten
2017-06-16;116;143;93,9;Rohdaten
2017-06-17;107;137;77;Rohdaten
2017-06-18;90,9;111;70,2;Rohdaten
2017-06-19;95,8;108;73,6;Rohdaten
2017-06-20;85,9;97,6;77;Rohdaten
2017-06-21;96,8;124;80,7;Rohdaten
2017-06-22;91,2;108;80,7;Rohdaten
2017-06-23;77,3;87,1;56,7;Rohdaten
2017-06-24;87,7;114;66,8;Rohdaten
2017-06-25;74,4;90,7;60;Rohdaten
2017-06-26;93;124;77;Rohdaten
2017-06-27;85,2;97,6;70,2;Rohdaten
2017-06-28;88,8;101;80,7;Rohdaten
2017-06-29;148;202;97,6;Rohdaten
2017-06-30;121;147;97,6;Rohdaten
2017-07-01;105;118;97,6;Rohdaten
2017-07-02;109;118;90,7;Rohdaten
2017-07-03;119;172;93,9;Rohdaten
2017-07-04;132;166;90,7;Rohdaten
2017-07-05;92,4;101;87,1;Rohdaten
2017-07-06;72,9;90,7;53,5;Rohdaten
2017-07-07;81,4;101;70,2;Rohdaten
2017-07-08;91,4;108;77;Rohdaten
2017-07-09;102;147;83,9;Rohdaten
2017-07-10;116;127;93,9;Rohdaten
2017-07-11;142;172;127;Rohdaten
2017-07-12;117;147;93,9;Rohdaten
2017-07-13;96,3;127;77;Rohdaten
2017-07-14;116;130;93,9;Rohdaten
2017-07-15;132;169;90,7;Rohdaten
2017-07-16;120;130;97,6;Rohdaten
2017-07-17;95,2;111;73,6;Rohdaten
2017-07-18;90,1;108;73,6;Rohdaten
2017-07-19;101;134;70,2;Rohdaten
2017-07-20;100;121;80,7;Rohdaten
2017-07-21;113;121;87,1;Rohdaten
2017-07-22;113;127;104;Rohdaten
2017-07-23;128;147;114;Rohdaten
2017-07-24;118;134;104;Rohdaten
2017-07-25;203;334;130;Rohdaten
2017-07-26;361;486;309;Rohdaten
2017-07-27;474;582;349;Rohdaten
2017-07-28;296;354;250;Rohdaten
2017-07-29;249;289;202;Rohdaten
2017-07-30;193;229;166;Rohdaten
2017-07-31;187;216;156;Rohdaten
2017-08-01;143;163;118;Rohdaten
2017-08-02;154;169;121;Rohdaten
2017-08-03;141;153;127;Rohdaten
2017-08-04;131;143;111;Rohdaten
2017-08-05;118;130;97,6;Rohdaten
2017-08-06;107;118;93,9;Rohdaten
2017-08-07;102;114;80,7;Rohdaten
2017-08-08;78,9;114;56,7;Rohdaten
2017-08-09;119;178;73,6;Rohdaten
2017-08-10;142;190;111;Rohdaten
2017-08-11;128;150;97,6;Rohdaten
2017-08-12;152;175;127;Rohdaten
2017-08-13;163;196;130;Rohdaten
2017-08-14;98,2;127;80,7;Rohdaten
2017-08-15;83,5;97,6;63,4;Rohdaten
2017-08-16;127;150;80,7;Rohdaten
2017-08-17;95,7;130;66,8;Rohdaten
2017-08-18;81,8;90,7;73,6;Rohdaten
2017-08-19;148;175;93,9;Rohdaten
2017-08-20;140;153;130;Rohdaten
2017-08-21;97,3;134;83,9;Rohdaten
2017-08-22;86,3;93,9;70,2;Rohdaten
2017-08-23;73,4;93,9;53,5;Rohdaten
2017-08-24;67,2;97,6;34,5;Rohdaten
2017-08-25;61,8;73,6;50,2;Rohdaten
2017-08-26;54;70,2;40,6;Rohdaten
2017-08-27;50,4;77;34,5;Rohdaten
2017-08-28;65,5;90,7;46,9;Rohdaten
2017-08-29;40,6;60;28,7;Rohdaten
2017-08-30;44;66,8;34,5;Rohdaten
2017-08-31;61,4;118;43,8;Rohdaten
2017-09-01;308;509;114;Rohdaten
2017-09-02;441;532;327;Rohdaten
2017-09-03;426;533;346;Rohdaten
2017-09-04;275;361;220;Rohdaten
2017-09-05;194;226;180;Rohdaten
2017-09-06;169;189;136;Rohdaten
2017-09-07;171;201;136;Rohdaten
2017-09-08;142;171;109;Rohdaten
2017-09-09;129;146;109;Rohdaten
2017-09-10;147;183;112;Rohdaten
2017-09-11;166;183;133;Rohdaten
2017-09-12;133;159;116;Rohdaten
2017-09-13;149;212;122;Rohdaten
2017-09-14;145;174;129;Rohdaten
2017-09-15;191;226;146;Rohdaten
2017-09-16;145;168;116;Rohdaten
2017-09-17;152;168;133;Rohdaten
2017-09-18;133;142;122;Rohdaten
2017-09-19;126;133;99,3;Rohdaten
2017-09-20;127;149;79,3;Rohdaten
2017-09-21;138;152;129;Rohdaten
2017-09-22;109;133;96,1;Rohdaten
2017-09-23;108;119;92,5;Rohdaten
2017-09-24;100;106;96,1;Rohdaten
2017-09-25;111;133;89,3;Rohdaten
2017-09-26;108;119;85,6;Rohdaten
2017-09-27;109;116;96,1;Rohdaten
2017-09-28;105;119;96,1;Rohdaten
2017-09-29;97,4;106;79,3;Rohdaten
2017-09-30;99,7;139;79,3;Rohdaten
2017-10-01;126;177;96,1;Rohdaten
2017-10-02;128;174;99,3;Rohdaten
2017-10-03;152;195;116;Rohdaten
2017-10-04;242;336;165;Rohdaten
2017-10-05;149;165;119;Rohdaten
2017-10-06;176;265;119;Rohdaten
2017-10-07;194;249;149;Rohdaten
2017-10-08;178;217;155;Rohdaten
2017-10-09;171;186;142;Rohdaten
2017-10-10;160;192;142;Rohdaten
2017-10-11;129;152;119;Rohdaten
2017-10-12;113;136;85,6;Rohdaten
2017-10-13;115;122;102;Rohdaten
2017-10-14;101;119;92,5;Rohdaten
2017-10-15;99,9;116;79,3;Rohdaten
2017-10-16;101;109;85,6;Rohdaten
2017-10-17;97,2;102;85,6;Rohdaten
2017-10-18;94,2;99,3;79,3;Rohdaten
2017-10-19;87,2;102;72,2;Rohdaten
2017-10-20;80,8;89,3;65,3;Rohdaten
2017-10-21;80,7;96,1;65,3;Rohdaten
2017-10-22;102;116;79,3;Rohdaten
2017-10-23;100;122;79,3;Rohdaten
2017-10-24;109;116;99,3;Rohdaten
2017-10-25;114;122;89,3;Rohdaten
2017-10-26;99,1;112;92,5;Rohdaten
2017-10-27;103;129;72,2;Rohdaten
2017-10-28;148;183;106;Rohdaten
2017-10-29;111;139;89,3;Rohdaten
2017-10-30;184;244;126;Rohdaten
2017-10-31;135;149;106;Rohdaten
2017-11-01;107;133;102;Rohdaten
2017-11-02;108;112;106;Rohdaten
2017-11-03;102;122;92,5;Rohdaten
2017-11-04;87,6;102;75,6;Rohdaten
2017-11-05;94,1;126;68,7;Rohdaten
2017-11-06;140;171;106;Rohdaten
2017-11-07;125;139;112;Rohdaten
2017-11-08;124;139;116;Rohdaten
2017-11-09;117;122;102;Rohdaten
2017-11-10;104;109;96,1;Rohdaten
2017-11-11;120;183;96,1;Rohdaten
2017-11-12;338;600;162;Rohdaten
2017-11-13;511;619;363;Rohdaten
2017-11-14;332;371;285;Rohdaten
2017-11-15;270;303;223;Rohdaten
2017-11-16;218;252;174;Rohdaten
2017-11-17;189;203;152;Rohdaten
2017-11-18;163;168;159;Rohdaten
2017-11-19;154;174;139;Rohdaten
2017-11-20;161;180;149;Rohdaten
2017-11-21;150;186;129;Rohdaten
2017-11-22;188;206;165;Rohdaten
2017-11-23;153;180;129;Rohdaten
2017-11-24;157;168;139;Rohdaten
2017-11-25;153;192;136;Rohdaten
2017-11-26;193;209;177;Rohdaten
2017-11-27;172;180;152;Rohdaten
2017-11-28;161;180;152;Rohdaten
2017-11-29;162;171;155;Rohdaten
2017-11-30;157;165;149;Rohdaten
2017-12-01;139;152;129;Rohdaten
2017-12-02;135;146;129;Rohdaten
2017-12-03;124;142;109;Rohdaten
2017-12-04;126;142;106;Rohdaten
2017-12-05;123;136;109;Rohdaten
2017-12-06;127;139;112;Rohdaten
2017-12-07;111;119;106;Rohdaten
2017-12-08;122;152;106;Rohdaten
2017-12-09;160;174;133;Rohdaten
2017-12-10;127;142;112;Rohdaten
2017-12-11;191;255;142;Rohdaten
2017-12-12;273;336;198;Rohdaten
2017-12-13;266;308;231;Rohdaten
2017-12-14;233;252;223;Rohdaten
2017-12-15;265;295;241;Rohdaten
2017-12-16;252;280;212;Rohdaten
2017-12-17;213;252;186;Rohdaten
2017-12-18;180;186;165;Rohdaten
2017-12-19;173;183;155;Rohdaten
2017-12-20;164;177;152;Rohdaten
2017-12-21;159;168;149;Rohdaten
2017-12-22;182;215;152;Rohdaten
2017-12-23;230;249;203;Rohdaten
2017-12-24;237;278;212;Rohdaten
2017-12-25;202;236;189;Rohdaten
2017-12-26;197;212;186;Rohdaten
2017-12-27;182;189;180;Rohdaten
2017-12-28;185;192;177;Rohdaten
2017-12-29;176;189;152;Rohdaten
2017-12-30;164;180;149;Rohdaten
2017-12-31;309;393;177;Rohdaten
2018-01-01;318;381;295;Rohdaten
2018-01-02;286;301;263;Rohdaten
2018-01-03;286;388;263;Rohdaten
2018-01-04;438;487;386;Rohdaten
2018-01-05;713;810;454;Rohdaten
2018-01-06;645;764;560;Rohdaten
2018-01-07;541;557;528;Rohdaten
2018-01-08;483;531;447;Rohdaten
2018-01-09;405;447;368;Rohdaten
2018-01-10;347;371;321;Rohdaten
2018-01-11;301;318;285;Rohdaten
2018-01-12;267;288;252;Rohdaten
2018-01-13;243;260;231;Rohdaten
2018-01-14;225;241;212;Rohdaten
2018-01-15;211;228;198;Rohdaten
2018-01-16;219;249;206;Rohdaten
2018-01-17;320;361;239;Rohdaten
2018-01-18;317;341;306;Rohdaten
2018-01-19;475;562;338;Rohdaten
2018-01-20;436;505;414;Rohdaten
2018-01-21;433;449;419;Rohdaten
2018-01-22;465;690;414;Rohdaten
2018-01-23;799;858;687;Rohdaten
2018-01-24;602;699;536;Rohdaten
2018-01-25;531;568;498;Rohdaten
2018-01-26;457;500;426;Rohdaten
2018-01-27;396;424;378;Rohdaten
2018-01-28;352;381;336;Rohdaten
2018-01-29;322;346;306;Rohdaten
2018-01-30;305;311;295;Rohdaten
2018-01-31;295;313;278;Rohdaten
2018-02-01;294;306;278;Rohdaten
2018-02-02;295;308;280;Rohdaten
2018-02-03;272;283;255;Rohdaten
2018-02-04;254;265;244;Rohdaten
2018-02-05;236;252;220;Rohdaten
2018-02-06;225;236;209;Rohdaten
2018-02-07;214;223;195;Rohdaten
2018-02-08;203;215;192;Rohdaten
2018-02-09;202;215;186;Rohdaten
2018-02-10;189;198;180;Rohdaten
2018-02-11;183;198;155;Rohdaten
2018-02-12;187;198;180;Rohdaten
2018-02-13;179;192;168;Rohdaten
2018-02-14;172;186;162;Rohdaten
2018-02-15;168;183;162;Rohdaten
2018-02-16;294;426;180;Rohdaten
2018-02-17;351;419;311;Rohdaten
2018-02-18;317;332;289;Rohdaten
2018-02-19;267;286;250;Rohdaten
2018-02-20;237;250;224;Rohdaten
2018-02-21;218;232;207;Rohdaten
2018-02-22;214;226;193;Rohdaten
2018-02-23;202;221;175;Rohdaten
2018-02-24;191;204;175;Rohdaten
2018-02-25;190;204;172;Rohdaten
2018-02-26;172;204;162;Rohdaten
2018-02-27;162;187;122;Rohdaten
2018-02-28;149;181;129;Rohdaten
2018-03-01;156;187;119;Rohdaten
2018-03-02;159;169;152;Rohdaten
2018-03-03;154;169;136;Rohdaten
2018-03-04;156;165;149;Rohdaten
2018-03-05;171;196;159;Rohdaten
2018-03-06;192;207;162;Rohdaten
2018-03-07;181;187;165;Rohdaten
2018-03-08;196;207;184;Rohdaten
2018-03-09;189;199;181;Rohdaten
2018-03-10;184;193;175;Rohdaten
2018-03-11;181;187;175;Rohdaten
2018-03-12;197;224;181;Rohdaten
2018-03-13;201;221;181;Rohdaten
2018-03-14;212;215;204;Rohdaten
2018-03-15;205;215;190;Rohdaten
2018-03-16;193;207;172;Rohdaten
2018-03-17;187;196;165;Rohdaten
2018-03-18;178;190;169;Rohdaten
2018-03-19;179;184;169;Rohdaten
2018-03-20;164;172;159;Rohdaten
2018-03-21;164;172;156;Rohdaten
2018-03-22;154;165;149;Rohdaten
2018-03-23;156;175;139;Rohdaten
2018-03-24;157;169;132;Rohdaten
2018-03-25;150;169;136;Rohdaten
2018-03-26;147;152;139;Rohdaten
2018-03-27;146;156;129;Rohdaten
2018-03-28;147;181;116;Rohdaten
2018-03-29;215;276;175;Rohdaten
2018-03-30;221;265;172;Rohdaten
2018-03-31;202;215;190;Rohdaten
2018-04-01;195;213;172;Rohdaten
2018-04-02;191;210;181;Rohdaten
2018-04-03;176;199;156;Rohdaten
2018-04-04;184;204;159;Rohdaten
2018-04-05;197;221;175;Rohdaten
2018-04-06;177;187;152;Rohdaten
2018-04-07;179;184;172;Rohdaten
2018-04-08;176;184;169;Rohdaten
2018-04-09;186;196;172;Rohdaten
2018-04-10;172;187;152;Rohdaten
2018-04-11;180;190;172;Rohdaten
2018-04-12;176;190;159;Rohdaten
2018-04-13;157;165;136;Rohdaten
2018-04-14;161;169;152;Rohdaten
2018-04-15;161;165;149;Rohdaten
2018-04-16;161;190;149;Rohdaten
2018-04-17;180;199;169;Rohdaten
2018-04-18;182;199;172;Rohdaten
2018-04-19;173;199;149;Rohdaten
2018-04-20;183;210;152;Rohdaten
2018-04-21;185;201;172;Rohdaten
2018-04-22;194;201;187;Rohdaten
2018-04-23;190;218;165;Rohdaten
2018-04-24;210;229;190;Rohdaten
2018-04-25;206;234;165;Rohdaten
2018-04-26;194;240;169;Rohdaten
2018-04-27;200;221;162;Rohdaten
2018-04-28;159;162;152;Rohdaten
2018-04-29;171;193;112;Rohdaten
2018-04-30;162;196;126;Rohdaten
2018-05-01;161;204;122;Rohdaten
2018-05-02;145;172;109;Rohdaten
2018-05-03;137;146;116;Rohdaten
2018-05-04;138;146;126;Rohdaten
2018-05-05;139;149;126;Rohdaten
2018-05-06;150;159;129;Rohdaten
2018-05-07;153;165;132;Rohdaten
2018-05-08;141;156;126;Rohdaten
2018-05-09;139;149;126;Rohdaten
2018-05-10;136;149;129;Rohdaten
2018-05-11;130;136;126;Rohdaten
2018-05-12;140;146;126;Rohdaten
2018-05-13;153;172;132;Rohdaten
2018-05-14;160;169;152;Rohdaten
2018-05-15;225;299;156;Rohdaten
2018-05-16;212;245;184;Rohdaten
2018-05-17;221;255;172;Rohdaten
2018-05-18;202;237;165;Rohdaten
2018-05-19;153;169;139;Rohdaten
2018-05-20;185;207;149;Rohdaten
2018-05-21;149;169;129;Rohdaten
2018-05-22;150;159;142;Rohdaten
2018-05-23;162;178;149;Rohdaten
2018-05-24;182;213;152;Rohdaten
2018-05-25;178;207;156;Rohdaten
2018-05-26;150;178;139;Rohdaten
2018-05-27;135;149;105;Rohdaten
2018-05-28;145;162;126;Rohdaten
2018-05-29;140;152;126;Rohdaten
2018-05-30;129;136;119;Rohdaten
2018-05-31;149;165;122;Rohdaten
2018-06-01;168;201;142;Rohdaten
2018-06-02;140;149;122;Rohdaten
2018-06-03;143;152;126;Rohdaten
2018-06-04;122;129;116;Rohdaten
2018-06-05;138;162;112;Rohdaten
2018-06-06;115;129;109;Rohdaten
2018-06-07;138;149;129;Rohdaten
2018-06-08;128;139;116;Rohdaten
2018-06-09;165;181;139;Rohdaten
2018-06-10;136;156;119;Rohdaten
2018-06-11;154;193;136;Rohdaten
2018-06-12;182;234;152;Rohdaten
2018-06-13;339;379;247;Rohdaten
2018-06-14;318;372;240;Rohdaten
2018-06-15;210;263;175;Rohdaten
2018-06-16;151;182;117;Rohdaten
2018-06-17;151;160;131;Rohdaten
2018-06-18;143;173;121;Rohdaten
2018-06-19;145;173;121;Rohdaten
2018-06-20;121;144;104;Rohdaten
2018-06-21;121;144;107;Rohdaten
2018-06-22;117;124;111;Rohdaten
2018-06-23;112;131;97,4;Rohdaten
2018-06-24;104;124;90,4;Rohdaten
2018-06-25;102;114;87;Rohdaten
2018-06-26;111;114;100;Rohdaten
2018-06-27;106;117;76,6;Rohdaten
2018-06-28;95;127;83,5;Rohdaten
2018-06-29;110;127;87;Rohdaten
2018-06-30;99,3;117;66,3;Rohdaten
2018-07-01;107;124;80,1;Rohdaten
2018-07-02;102;111;73,1;Rohdaten
2018-07-03;66,2;71,3;54,4;Rohdaten
2018-07-04;59,4;74,7;47,7;Rohdaten
2018-07-05;77,5;94,6;64,6;Rohdaten
2018-07-06;92,3;111;81,3;Rohdaten
2018-07-07;135;147;101;Rohdaten
2018-07-08;92,7;121;78,1;Rohdaten
2018-07-09;70,6;81,3;57,8;Rohdaten
2018-07-10;66,4;78,1;54,4;Rohdaten
2018-07-11;64,4;81,3;44,5;Rohdaten
2018-07-12;62,7;81,3;41,3;Rohdaten
2018-07-13;51,4;67,9;44,5;Rohdaten
2018-07-14;60,7;64,6;54,4;Rohdaten
2018-07-15;50,4;54,4;44,5;Rohdaten
2018-07-16;73;91,3;51;Rohdaten
2018-07-17;65,1;81,3;54,4;Rohdaten
2018-07-18;52,6;54,4;38,2;Rohdaten
2018-07-19;49,4;61,3;32,2;Rohdaten
2018-07-20;64,2;91,3;47,7;Rohdaten
2018-07-21;63,9;81,3;54,4;Rohdaten
2018-07-22;80,9;91,3;71,3;Rohdaten
2018-07-23;73,3;101;51;Rohdaten
2018-07-24;55,5;64,6;47,7;Rohdaten
2018-07-25;48,6;57,8;35,2;Rohdaten
2018-07-26;59;84,7;44,5;Rohdaten
2018-07-27;56,7;57,8;47,7;Rohdaten
2018-07-28;52,5;57,8;44,5;Rohdaten
2018-07-29;46,5;57,8;26,6;Rohdaten
2018-07-30;47,5;51;38,2;Rohdaten
2018-07-31;44,3;47,7;38,2;Rohdaten
2018-08-01;55,4;61,3;47,7;Rohdaten
2018-08-02;53,1;64,6;47,7;Rohdaten
2018-08-03;62,2;78,1;44,5;Rohdaten
2018-08-04;42,4;51;32,2;Rohdaten
2018-08-05;53,7;64,6;41,3;Rohdaten
2018-08-06;48,8;57,8;38,2;Rohdaten
2018-08-07;37,4;41,3;35,2;Rohdaten
2018-08-08;59,6;67,9;44,5;Rohdaten
2018-08-09;62,8;74,7;51;Rohdaten
2018-08-10;70,3;115;38,2;Rohdaten
2018-08-11;68,9;94,6;44,5;Rohdaten
2018-08-12;61,5;71,3;54,4;Rohdaten
2018-08-13;56;67,9;51;Rohdaten
2018-08-14;57,1;67,9;44,5;Rohdaten
2018-08-15;53;57,8;47,7;Rohdaten
2018-08-16;55;71,3;47,7;Rohdaten
2018-08-17;50,8;54,4;44,5;Rohdaten
2018-08-18;56,5;64,6;47,7;Rohdaten
2018-08-19;48,3;64,6;38,2;Rohdaten
2018-08-20;45,8;54,4;38,2;Rohdaten
2018-08-21;39,2;51;32,2;Rohdaten
2018-08-22;45,2;61,3;38,2;Rohdaten
2018-08-23;54,1;64,6;44,5;Rohdaten
2018-08-24;68;81,3;54,4;Rohdaten
2018-08-25;55,6;67,9;47,7;Rohdaten
2018-08-26;66,5;78,1;29,3;Rohdaten
2018-08-27;57,5;71,3;38,2;Rohdaten
2018-08-28;48,9;57,8;41,3;Rohdaten
2018-08-29;59,1;81,3;35,2;Rohdaten
2018-08-30;58,3;71,3;47,7;Rohdaten
2018-08-31;79,7;98;71,3;Rohdaten
2018-09-01;105;142;79,9;Rohdaten
2018-09-02;131;158;93,1;Rohdaten
2018-09-03;79,5;96,5;56,4;Rohdaten
2018-09-04;66,3;86,6;49,6;Rohdaten
2018-09-05;59,8;69,9;49,6;Rohdaten
2018-09-06;52,6;63,1;36,8;Rohdaten
2018-09-07;63,7;93,1;46,3;Rohdaten
2018-09-08;71,4;86,6;36,8;Rohdaten
2018-09-09;51,1;66,5;25,3;Rohdaten
2018-09-10;58,6;66,5;53;Rohdaten
2018-09-11;64,1;86,6;43,1;Rohdaten
2018-09-12;41,3;53;30,9;Rohdaten
2018-09-13;44,8;63,1;30,9;Rohdaten
2018-09-14;63,9;79,9;43,1;Rohdaten
2018-09-15;73,7;86,6;63,1;Rohdaten
2018-09-16;64,7;79,9;33,8;Rohdaten
2018-09-17;68,4;76,6;56,4;Rohdaten
2018-09-18;47,1;59,9;36,8;Rohdaten
2018-09-19;60,5;69,9;46,3;Rohdaten
2018-09-20;45,5;66,5;33,8;Rohdaten
2018-09-21;54,2;59,9;43,1;Rohdaten
2018-09-22;47,6;69,9;30,9;Rohdaten
2018-09-23;57,6;66,5;43,1;Rohdaten
2018-09-24;111;173;53;Rohdaten
2018-09-25;92,4;135;56,4;Rohdaten
2018-09-26;62,7;73,2;53;Rohdaten
2018-09-27;55,9;69,9;46,3;Rohdaten
2018-09-28;58,9;63,1;46,3;Rohdaten
2018-09-29;54,5;59,9;46,3;Rohdaten
2018-09-30;52,3;59,9;33,8;Rohdaten
2018-10-01;76,7;156;44;Rohdaten
2018-10-02;116;156;77,6;Rohdaten
2018-10-03;72;87,6;60,8;Rohdaten
2018-10-04;74,8;97,5;44;Rohdaten
2018-10-05;59,9;67,5;40,8;Rohdaten
2018-10-06;58,5;70,8;44;Rohdaten
2018-10-07;57,3;90,8;40,8;Rohdaten
2018-10-08;44,6;60,8;37,7;Rohdaten
2018-10-09;51,8;57,4;44;Rohdaten
2018-10-10;55,9;67,5;47,2;Rohdaten
2018-10-11;54,6;57,4;50,6;Rohdaten
2018-10-12;50,7;54;50,6;Rohdaten
2018-10-13;57,3;74,2;44;Rohdaten
2018-10-14;60,6;84,2;44;Rohdaten
2018-10-15;56,3;60,8;54;Rohdaten
2018-10-16;56,3;60,8;54;Rohdaten
2018-10-17;52,1;60,8;44;Rohdaten
2018-10-18;43,4;47,2;40,8;Rohdaten
2018-10-19;43,5;50,6;37,7;Rohdaten
2018-10-20;48;50,6;44;Rohdaten
2018-10-21;46,4;54;44;Rohdaten
2018-10-22;55,2;60,8;50,6;Rohdaten
2018-10-23;51;60,8;44;Rohdaten
2018-10-24;52,7;60,8;40,8;Rohdaten
2018-10-25;49,3;50,6;47,2;Rohdaten
2018-10-26;54,5;57,4;50,6;Rohdaten
2018-10-27;59,6;87,6;47,2;Rohdaten
2018-10-28;84,2;97,5;57,4;Rohdaten
2018-10-29;71,2;90,8;47,2;Rohdaten
2018-10-30;94;127;70,8;Rohdaten
2018-10-31;67,7;94,1;47,2;Rohdaten
2018-11-01;60,7;66,5;56,4;Rohdaten
2018-11-02;53,9;69,9;43,1;Rohdaten
2018-11-03;50,7;59,9;39,9;Rohdaten
2018-11-04;44,7;56,4;39,9;Rohdaten
2018-11-05;46,3;49,6;43,1;Rohdaten
2018-11-06;54,7;63,1;39,9;Rohdaten
2018-11-07;53,5;66,5;49,6;Rohdaten
2018-11-08;48,4;49,6;43,1;Rohdaten
2018-11-09;53,3;59,9;46,3;Rohdaten
2018-11-10;51,3;59,9;39,9;Rohdaten
2018-11-11;45,5;46,3;43,1;Rohdaten
2018-11-12;48,2;59,9;43,1;Rohdaten
2018-11-13;37,3;43,1;33,8;Rohdaten
2018-11-14;45,5;53;36,8;Rohdaten
2018-11-15;47,5;53;43,1;Rohdaten
2018-11-16;54,1;59,9;49,6;Rohdaten
2018-11-17;50,1;56,4;43,1;Rohdaten
2018-11-18;57,3;63,1;46,3;Rohdaten
2018-11-19;47,9;59,9;39,9;Rohdaten
2018-11-20;43,9;56,4;36,8;Rohdaten
2018-11-21;38,7;43,1;33,8;Rohdaten
2018-11-22;46,3;53;39,9;Rohdaten
2018-11-23;51,8;56,4;46,3;Rohdaten
2018-11-24;50,2;53;46,3;Rohdaten
2018-11-25;47,5;56,4;39,9;Rohdaten
2018-11-26;52;59,9;39,9;Rohdaten
2018-11-27;53;66,5;43,1;Rohdaten
2018-11-28;39,7;53;25,3;Rohdaten
2018-11-29;45,5;53;36,8;Rohdaten
2018-11-30;39,1;46,3;33,8;Rohdaten
2018-12-01;45,4;49,6;36,8;Rohdaten
2018-12-02;55,3;64,1;47,2;Rohdaten
2018-12-03;67,2;104;47,2;Rohdaten
2018-12-04;107;120;84,2;Rohdaten
2018-12-05;125;149;64,1;Rohdaten
2018-12-06;78,3;90,8;64,1;Rohdaten
2018-12-07;78,5;87,6;70,8;Rohdaten
2018-12-08;77,7;94,1;64,1;Rohdaten
2018-12-09;105;136;70,8;Rohdaten
2018-12-10;172;186;133;Rohdaten
2018-12-11;140;165;130;Rohdaten
2018-12-12;99,5;133;90,8;Rohdaten
2018-12-13;92,7;97,5;84,2;Rohdaten
2018-12-14;88,1;94,1;77,6;Rohdaten
2018-12-15;63,5;84,2;50,6;Rohdaten
2018-12-16;63,7;70,8;57,4;Rohdaten
2018-12-17;61,8;70,8;54;Rohdaten
2018-12-18;64,6;70,8;57,4;Rohdaten
2018-12-19;58;64,1;50,6;Rohdaten
2018-12-20;65,2;74,2;54;Rohdaten
2018-12-21;69,9;87,6;47,2;Rohdaten
2018-12-22;133;212;84,2;Rohdaten
2018-12-23;227;260;181;Rohdaten
2018-12-24;365;505;234;Rohdaten
2018-12-25;369;518;265;Rohdaten
2018-12-26;266;295;223;Rohdaten
2018-12-27;218;249;192;Rohdaten
2018-12-28;162;207;123;Rohdaten
2018-12-29;124;143;97,5;Rohdaten
2018-12-30;112;143;97,5;Rohdaten
2018-12-31;104;107;97,5;Rohdaten
2019-01-01;103;133;80,8;Rohdaten
2019-01-02;112;162;64,1;Rohdaten
2019-01-03;95,3;101;80,8;Rohdaten
2019-01-04;83,6;90,8;77,6;Rohdaten
2019-01-05;83,8;90,8;77,6;Rohdaten
2019-01-06;93,7;97,5;80,8;Rohdaten
2019-01-07;97,1;104;90,8;Rohdaten
2019-01-08;99,2;107;90,8;Rohdaten
2019-01-09;119;123;107;Rohdaten
2019-01-10;104;114;101;Rohdaten
2019-01-11;84,4;97,5;77,6;Rohdaten
2019-01-12;83,6;87,6;77,6;Rohdaten
2019-01-13;124;189;77,6;Rohdaten
2019-01-14;299;373;186;Rohdaten
2019-01-15;319;355;270;Rohdaten
2019-01-16;252;280;221;Rohdaten
2019-01-17;201;229;181;Rohdaten
2019-01-18;192;212;168;Rohdaten
2019-01-19;161;184;143;Rohdaten
2019-01-20;144;149;133;Rohdaten
2019-01-21;123;136;110;Rohdaten
2019-01-22;108;120;97,5;Rohdaten
2019-01-23;97,8;101;90,8;Rohdaten
2019-01-24;96,6;110;84,2;Rohdaten
2019-01-25;96,5;104;84,2;Rohdaten
2019-01-26;85,3;90,8;80,8;Rohdaten
2019-01-27;86,8;114;60,8;Rohdaten
2019-01-28;86,3;107;77,6;Rohdaten
2019-01-29;99,8;107;84,2;Rohdaten
2019-01-30;88,9;104;77,6;Rohdaten
2019-01-31;84,2;90,8;70,8;Rohdaten
2019-02-01;74;84,2;60,8;Rohdaten
2019-02-02;80,1;84,2;70,8;Rohdaten
2019-02-03;85,1;104;70,8;Rohdaten
2019-02-04;86,8;101;74,2;Rohdaten
2019-02-05;81,5;97,5;70,8;Rohdaten
2019-02-06;79,3;87,6;67,5;Rohdaten
2019-02-07;87,1;97,5;77,6;Rohdaten
2019-02-08;88,4;120;60,8;Rohdaten
2019-02-09;107;127;90,8;Rohdaten
2019-02-10;141;168;77,6;Rohdaten
2019-02-11;193;247;136;Rohdaten
2019-02-12;169;178;140;Rohdaten
2019-02-13;142;153;120;Rohdaten
2019-02-14;123;133;117;Rohdaten
2019-02-15;111;123;97,5;Rohdaten
2019-02-16;106;114;101;Rohdaten
2019-02-17;104;114;97,5;Rohdaten
2019-02-18;112;123;104;Rohdaten
2019-02-19;105;127;90,8;Rohdaten
2019-02-20;114;136;101;Rohdaten
2019-02-21;129;143;110;Rohdaten
2019-02-22;132;156;110;Rohdaten
2019-02-23;166;186;140;Rohdaten
2019-02-24;146;149;140;Rohdaten
2019-02-25;133;146;127;Rohdaten
2019-02-26;125;140;110;Rohdaten
2019-02-27;147;162;130;Rohdaten
2019-02-28;149;159;133;Rohdaten
2019-03-01;200;221;159;Rohdaten
2019-03-02;286;309;244;Rohdaten
2019-03-03;257;296;229;Rohdaten
2019-03-04;228;247;183;Rohdaten
2019-03-05;232;244;212;Rohdaten
2019-03-06;211;223;206;Rohdaten
2019-03-07;197;209;186;Rohdaten
2019-03-08;226;249;195;Rohdaten
2019-03-09;198;217;168;Rohdaten
2019-03-10;218;255;186;Rohdaten
2019-03-11;303;341;257;Rohdaten
2019-03-12;248;271;217;Rohdaten
2019-03-13;216;232;195;Rohdaten
2019-03-14;209;220;195;Rohdaten
2019-03-15;279;376;223;Rohdaten
2019-03-16;457;490;379;Rohdaten
2019-03-17;397;434;369;Rohdaten
2019-03-18;393;419;374;Rohdaten
2019-03-19;345;381;316;Rohdaten
2019-03-20;281;316;247;Rohdaten
2019-03-21;238;263;223;Rohdaten
2019-03-22;223;237;209;Rohdaten
2019-03-23;196;209;183;Rohdaten
2019-03-24;199;201;195;Rohdaten
2019-03-25;196;204;177;Rohdaten
2019-03-26;194;204;183;Rohdaten
2019-03-27;167;183;152;Rohdaten
2019-03-28;160;168;142;Rohdaten
2019-03-29;148;155;142;Rohdaten
2019-03-30;150;155;146;Rohdaten
2019-03-31;148;165;130;Rohdaten
2019-04-01;142;165;129;Rohdaten
2019-04-02;155;165;149;Rohdaten
2019-04-03;151;159;146;Rohdaten
2019-04-04;155;171;146;Rohdaten
2019-04-05;139;149;126;Rohdaten
2019-04-06;132;139;122;Rohdaten
2019-04-07;125;142;119;Rohdaten
2019-04-08;152;171;129;Rohdaten
2019-04-09;146;165;126;Rohdaten
2019-04-10;169;186;149;Rohdaten
2019-04-11;185;195;177;Rohdaten
2019-04-12;165;183;139;Rohdaten
2019-04-13;144;152;129;Rohdaten
2019-04-14;130;139;112;Rohdaten
2019-04-15;129;139;122;Rohdaten
2019-04-16;119;126;112;Rohdaten
2019-04-17;126;139;112;Rohdaten
2019-04-18;138;149;126;Rohdaten
2019-04-19;143;159;129;Rohdaten
2019-04-20;145;152;139;Rohdaten
2019-04-21;144;155;132;Rohdaten
2019-04-22;135;192;51,1;Rohdaten
2019-04-23;142;177;95,2;Rohdaten
2019-04-24;146;165;129;Rohdaten
2019-04-25;145;155;129;Rohdaten
2019-04-26;146;155;139;Rohdaten
2019-04-27;136;149;116;Rohdaten
2019-04-28;122;132;116;Rohdaten
2019-04-29;125;132;109;Rohdaten
2019-04-30;121;132;112;Rohdaten
2019-05-01;118;126;109;Rohdaten
2019-05-02;110;116;102;Rohdaten
2019-05-03;136;162;112;Rohdaten
2019-05-04;146;162;136;Rohdaten
2019-05-05;142;149;132;Rohdaten
2019-05-06;132;149;112;Rohdaten
2019-05-07;120;132;109;Rohdaten
2019-05-08;117;129;109;Rohdaten
2019-05-09;115;189;41,2;Rohdaten
2019-05-10;128;142;112;Rohdaten
2019-05-11;150;159;139;Rohdaten
2019-05-12;186;239;142;Rohdaten
2019-05-13;211;265;152;Rohdaten
2019-05-14;156;162;139;Rohdaten
2019-05-15;131;139;129;Rohdaten
2019-05-16;121;142;109;Rohdaten
2019-05-17;112;126;99;Rohdaten
2019-05-18;130;136;106;Rohdaten
2019-05-19;131;142;122;Rohdaten
2019-05-20;182;220;139;Rohdaten
2019-05-21;569;772;212;Rohdaten
2019-05-22;850;878;778;Rohdaten
2019-05-23;605;834;483;Rohdaten
2019-05-24;402;485;349;Rohdaten
2019-05-25;324;354;301;Rohdaten
2019-05-26;297;331;257;Rohdaten
2019-05-27;265;271;257;Rohdaten
2019-05-28;277;396;244;Rohdaten
2019-05-29;383;427;316;Rohdaten
2019-05-30;312;339;271;Rohdaten
2019-05-31;248;273;229;Rohdaten
2019-06-01;212;229;201;Rohdaten
2019-06-02;200;205;185;Rohdaten
2019-06-03;201;208;185;Rohdaten
2019-06-04;209;248;182;Rohdaten
2019-06-05;192;230;170;Rohdaten
2019-06-06;176;205;161;Rohdaten
2019-06-07;166;182;135;Rohdaten
2019-06-08;141;161;118;Rohdaten
2019-06-09;152;161;141;Rohdaten
2019-06-10;142;176;111;Rohdaten
2019-06-11;196;222;176;Rohdaten
2019-06-12;178;188;154;Rohdaten
2019-06-13;163;179;135;Rohdaten
2019-06-14;134;158;121;Rohdaten
2019-06-15;131;138;118;Rohdaten
2019-06-16;177;214;132;Rohdaten
2019-06-17;145;164;125;Rohdaten
2019-06-18;129;138;111;Rohdaten
2019-06-19;147;164;128;Rohdaten
2019-06-20;138;151;132;Rohdaten
2019-06-21;140;148;132;Rohdaten
2019-06-22;148;164;135;Rohdaten
2019-06-23;162;176;145;Rohdaten
2019-06-24;142;170;111;Rohdaten
2019-06-25;120;128;115;Rohdaten
2019-06-26;120;128;108;Rohdaten
2019-06-27;105;128;78,3;Rohdaten
2019-06-28;108;115;102;Rohdaten
2019-06-29;104;111;95,1;Rohdaten
2019-06-30;99,8;111;51,2;Rohdaten
2019-07-01;104;151;88,3;Rohdaten
2019-07-02;110;151;98,3;Rohdaten
2019-07-03;98,2;108;84,7;Rohdaten
2019-07-04;86,9;108;71,2;Rohdaten
2019-07-05;91;95,1;84,7;Rohdaten
2019-07-06;88,8;95,1;84,7;Rohdaten
2019-07-07;90,4;111;61;Rohdaten
2019-07-08;103;115;91,5;Rohdaten
2019-07-09;101;115;95,1;Rohdaten
2019-07-10;80,1;95,1;64,4;Rohdaten
2019-07-11;82,3;95,1;64,4;Rohdaten
2019-07-12;78,9;84,7;74,6;Rohdaten
2019-07-13;137;170;78,3;Rohdaten
2019-07-14;119;170;95,1;Rohdaten
2019-07-15;104;115;88,3;Rohdaten
2019-07-16;87,1;111;71,2;Rohdaten
2019-07-17;83;98,3;67,8;Rohdaten
2019-07-18;74,7;81,5;67,8;Rohdaten
2019-07-19;78,2;84,7;71,2;Rohdaten
2019-07-20;79,4;84,7;74,6;Rohdaten
2019-07-21;75,6;84,7;71,2;Rohdaten
2019-07-22;86;102;78,3;Rohdaten
2019-07-23;72,1;84,7;61;Rohdaten
2019-07-24;71,2;81,5;64,4;Rohdaten
2019-07-25;66,2;78,3;57,7;Rohdaten
2019-07-26;58,3;78,3;44,7;Rohdaten
2019-07-27;89,4;98,3;81,5;Rohdaten
2019-07-28;113;154;78,3;Rohdaten
2019-07-29;212;289;105;Rohdaten
2019-07-30;133;197;67,8;Rohdaten
2019-07-31;149;188;78,3;Rohdaten
2019-08-01;113;138;102;Rohdaten
2019-08-02;93,5;105;74,6;Rohdaten
2019-08-03;130;164;74,6;Rohdaten
2019-08-04;92,5;111;71,2;Rohdaten
2019-08-05;77,9;91,5;61;Rohdaten
2019-08-06;98,9;154;38,5;Rohdaten
2019-08-07;166;179;151;Rohdaten
2019-08-08;169;205;145;Rohdaten
2019-08-09;122;191;91,5;Rohdaten
2019-08-10;128;179;67,8;Rohdaten
2019-08-11;108;125;71,2;Rohdaten
2019-08-12;131;164;88,3;Rohdaten
2019-08-13;271;330;167;Rohdaten
2019-08-14;174;238;148;Rohdaten
2019-08-15;125;151;108;Rohdaten
2019-08-16;119;135;105;Rohdaten
2019-08-17;128;167;111;Rohdaten
2019-08-18;109;132;88,3;Rohdaten
2019-08-19;157;176;95,1;Rohdaten
2019-08-20;182;248;141;Rohdaten
2019-08-21;323;382;233;Rohdaten
2019-08-22;216;279;154;Rohdaten
2019-08-23;145;167;128;Rohdaten
2019-08-24;118;132;108;Rohdaten
2019-08-25;112;118;108;Rohdaten
2019-08-26;106;118;88,3;Rohdaten
2019-08-27;95,3;121;78,3;Rohdaten
2019-08-28;79,8;102;67,8;Rohdaten
2019-08-29;97,3;125;78,3;Rohdaten
2019-08-30;112;128;91,5;Rohdaten
2019-08-31;81,9;95,1;74,6;Rohdaten
2019-09-01;78,3;88,3;64,4;Rohdaten
2019-09-02;121;151;67,8;Rohdaten
2019-09-03;122;154;88,3;Rohdaten
2019-09-04;104;125;71,2;Rohdaten
2019-09-05;86,2;115;71,2;Rohdaten
2019-09-06;102;118;74,6;Rohdaten
2019-09-07;110;128;98,3;Rohdaten
2019-09-08;133;141;121;Rohdaten
2019-09-09;150;176;121;Rohdaten
2019-09-10;176;211;111;Rohdaten
2019-09-11;120;138;105;Rohdaten
2019-09-12;99,6;111;81,5;Rohdaten
2019-09-13;77,7;105;57,7;Rohdaten
2019-09-14;79;102;41,6;Rohdaten
2019-09-15;101;151;67,8;Rohdaten
2019-09-16;72,1;81,5;61;Rohdaten
2019-09-17;68,6;91,5;61;Rohdaten
2019-09-18;80,4;98,3;64,4;Rohdaten
2019-09-19;77,7;98,3;44,7;Rohdaten
2019-09-20;68,3;81,5;54,4;Rohdaten
2019-09-21;71,5;81,5;61;Rohdaten
2019-09-22;64,3;71,2;54,4;Rohdaten
2019-09-23;85,2;115;64,4;Rohdaten
2019-09-24;87,5;108;71,2;Rohdaten
2019-09-25;73,7;88,3;54,4;Rohdaten
2019-09-26;73,4;91,5;54,4;Rohdaten
2019-09-27;89,2;102;74,6;Rohdaten
2019-09-28;110;161;71,2;Rohdaten
2019-09-29;110;167;74,6;Rohdaten
2019-09-30;79,7;154;21,6;Rohdaten
2019-10-01;75,7;98,3;51,2;Rohdaten
2019-10-02;81,6;102;54,4;Rohdaten
2019-10-03;144;170;98,3;Rohdaten
2019-10-04;111;148;91,5;Rohdaten
2019-10-05;131;191;91,5;Rohdaten
2019-10-06;235;272;191;Rohdaten
2019-10-07;240;312;185;Rohdaten
2019-10-08;204;302;164;Rohdaten
2019-10-09;190;289;138;Rohdaten
2019-10-10;314;342;274;Rohdaten
2019-10-11;223;275;195;Rohdaten
2019-10-12;167;203;136;Rohdaten
2019-10-13;131;143;119;Rohdaten
2019-10-14;116;126;103;Rohdaten
2019-10-15;104;119;96,4;Rohdaten
2019-10-16;107;113;99,6;Rohdaten
2019-10-17;95,6;116;65,9;Rohdaten
2019-10-18;101;119;86,4;Rohdaten
2019-10-19;101;110;69,3;Rohdaten
2019-10-20;106;113;89,6;Rohdaten
2019-10-21;97,8;106;86,4;Rohdaten
2019-10-22;90,1;103;79,5;Rohdaten
2019-10-23;75,4;82,8;65,9;Rohdaten
2019-10-24;84,7;96,4;69,3;Rohdaten
2019-10-25;83,3;89,6;65,9;Rohdaten
2019-10-26;89,5;103;62,5;Rohdaten
2019-10-27;100;133;76,4;Rohdaten
2019-10-28;91,3;116;72,7;Rohdaten
2019-10-29;79,7;96,4;65,9;Rohdaten
2019-10-30;99,2;116;93,2;Rohdaten
2019-10-31;171;286;113;Rohdaten
2019-11-01;165;262;113;Rohdaten
2019-11-02;127;152;89,6;Rohdaten
2019-11-03;115;126;96,4;Rohdaten
2019-11-04;128;146;96,4;Rohdaten
2019-11-05;140;149;130;Rohdaten
2019-11-06;159;168;146;Rohdaten
2019-11-07;125;146;110;Rohdaten
2019-11-08;121;130;110;Rohdaten
2019-11-09;123;133;116;Rohdaten
2019-11-10;109;116;99,6;Rohdaten
2019-11-11;110;116;99,6;Rohdaten
2019-11-12;101;113;93,2;Rohdaten
2019-11-13;116;126;106;Rohdaten
2019-11-14;106;116;96,4;Rohdaten
2019-11-15;102;116;79,5;Rohdaten
2019-11-16;106;113;99,6;Rohdaten
2019-11-17;102;113;89,6;Rohdaten
2019-11-18;103;110;76,4;Rohdaten
2019-11-19;90,9;110;76,4;Rohdaten
2019-11-20;91,7;113;82,8;Rohdaten
2019-11-21;85,2;106;72,7;Rohdaten
2019-11-22;91,5;99,6;79,5;Rohdaten
2019-11-23;74,2;82,8;59,1;Rohdaten
2019-11-24;64,7;76,4;55,8;Rohdaten
2019-11-25;78,7;89,6;69,3;Rohdaten
2019-11-26;77,5;82,8;72,7;Rohdaten
2019-11-27;79,7;93,2;76,4;Rohdaten
2019-11-28;79,3;113;55,8;Rohdaten
2019-11-29;73;99,6;43;Rohdaten
2019-11-30;121;130;79,5;Rohdaten
2019-12-01;104;116;93,2;Rohdaten
2019-12-02;99,5;103;96,4;Rohdaten
2019-12-03;94,3;103;82,8;Rohdaten
2019-12-04;90,5;99,6;79,5;Rohdaten
2019-12-05;80;103;65,9;Rohdaten
2019-12-06;82,7;89,6;62,5;Rohdaten
2019-12-07;86,4;103;65,9;Rohdaten
2019-12-08;89,1;139;55,8;Rohdaten
2019-12-09;87,6;103;62,5;Rohdaten
2019-12-10;100;110;96,4;Rohdaten
2019-12-11;106;113;96,4;Rohdaten
2019-12-12;103;110;96,4;Rohdaten
2019-12-13;87,7;103;72,7;Rohdaten
2019-12-14;105;113;72,7;Rohdaten
2019-12-15;120;149;89,6;Rohdaten
2019-12-16;115;130;103;Rohdaten
2019-12-17;139;159;126;Rohdaten
2019-12-18;149;174;123;Rohdaten
2019-12-19;125;139;116;Rohdaten
2019-12-20;115;126;69,3;Rohdaten
2019-12-21;134;149;79,5;Rohdaten
2019-12-22;142;159;116;Rohdaten
2019-12-23;148;180;106;Rohdaten
2019-12-24;180;189;168;Rohdaten
2019-12-25;194;225;177;Rohdaten
2019-12-26;232;244;192;Rohdaten
2019-12-27;190;200;162;Rohdaten
2019-12-28;181;189;174;Rohdaten
2019-12-29;162;183;146;Rohdaten
2019-12-30;142;165;123;Rohdaten
2019-12-31;134;146;113;Rohdaten
